id,user_id,subject_id,date,status,remarks,created_at
590abb1b-f4ee-4682-b556-1304e546aec1,beecbdcf-fce7-44f6-89dd-5639fb1ee63e,6b790bdc-2d2f-429d-a297-211aaa3030a6,Mon Jul 13 2026 00:00:00 GMT+0530 (India Standard Time),Present,Period 1,Thu Jul 16 2026 09:29:09 GMT+0530 (India Standard Time)
77d61c04-54fd-4dba-b030-10d9861808f0,beecbdcf-fce7-44f6-89dd-5639fb1ee63e,6b790bdc-2d2f-429d-a297-211aaa3030a6,Mon Jul 13 2026 00:00:00 GMT+0530 (India Standard Time),Present,Period 2,Thu Jul 16 2026 09:29:12 GMT+0530 (India Standard Time)
b2365e4a-e1d6-46d4-b9fc-e3e859f7d4da,beecbdcf-fce7-44f6-89dd-5639fb1ee63e,30d3d8dc-27ec-4b58-89e6-3fc99e619af6,Mon Jul 13 2026 00:00:00 GMT+0530 (India Standard Time),Present,Period 3,Thu Jul 16 2026 09:29:14 GMT+0530 (India Standard Time)
3a7198d9-829d-4c93-908e-3dee14a1da12,beecbdcf-fce7-44f6-89dd-5639fb1ee63e,30d3d8dc-27ec-4b58-89e6-3fc99e619af6,Mon Jul 13 2026 00:00:00 GMT+0530 (India Standard Time),Present,Period 4,Thu Jul 16 2026 09:29:24 GMT+0530 (India Standard Time)
7bcce67d-d997-47b6-807d-4f3d90ae6159,beecbdcf-fce7-44f6-89dd-5639fb1ee63e,994bee8c-b2fe-4ba8-8f47-97cad914a8ea,Mon Jul 13 2026 00:00:00 GMT+0530 (India Standard Time),Present,Period 5,Thu Jul 16 2026 09:29:34 GMT+0530 (India Standard Time)
54f17de7-ed50-49d4-bf16-b3bda4f3c8c1,beecbdcf-fce7-44f6-89dd-5639fb1ee63e,994bee8c-b2fe-4ba8-8f47-97cad914a8ea,Mon Jul 13 2026 00:00:00 GMT+0530 (India Standard Time),Present,Period 6,Thu Jul 16 2026 09:29:37 GMT+0530 (India Standard Time)
40674057-1399-4c7d-b863-7b73a7797645,beecbdcf-fce7-44f6-89dd-5639fb1ee63e,7c5f606a-0552-4dc3-9c70-d9200935359b,Mon Jul 13 2026 00:00:00 GMT+0530 (India Standard Time),Present,Period 7,Thu Jul 16 2026 09:29:38 GMT+0530 (India Standard Time)
0b130b93-75ae-4e97-b019-100df9822d0c,beecbdcf-fce7-44f6-89dd-5639fb1ee63e,50f94abe-b865-4c83-8daa-fdb0252baa94,Tue Jul 14 2026 00:00:00 GMT+0530 (India Standard Time),Present,Period 3,Thu Jul 16 2026 09:29:52 GMT+0530 (India Standard Time)
43665087-729a-485f-bc13-9f082868f0ef,beecbdcf-fce7-44f6-89dd-5639fb1ee63e,50f94abe-b865-4c83-8daa-fdb0252baa94,Tue Jul 14 2026 00:00:00 GMT+0530 (India Standard Time),Present,Period 4,Thu Jul 16 2026 09:29:58 GMT+0530 (India Standard Time)
745ed063-df98-4fbe-96ee-3250d70103c0,beecbdcf-fce7-44f6-89dd-5639fb1ee63e,27cf3c3c-85f2-43a2-bcc9-7f6fdb10c7fe,Tue Jul 14 2026 00:00:00 GMT+0530 (India Standard Time),Present,Period 5,Thu Jul 16 2026 09:30:03 GMT+0530 (India Standard Time)
d77a21ef-5133-49c9-bec7-a380ec0b6868,beecbdcf-fce7-44f6-89dd-5639fb1ee63e,279d6256-1501-4c06-a558-b747144cf008,Tue Jul 14 2026 00:00:00 GMT+0530 (India Standard Time),Present,Period 6,Thu Jul 16 2026 09:30:06 GMT+0530 (India Standard Time)
13f4a3db-a232-4073-9b8e-5e993b573fbd,beecbdcf-fce7-44f6-89dd-5639fb1ee63e,27cf3c3c-85f2-43a2-bcc9-7f6fdb10c7fe,Tue Jul 14 2026 00:00:00 GMT+0530 (India Standard Time),Present,Period 7,Thu Jul 16 2026 09:30:07 GMT+0530 (India Standard Time)
e77dc8ba-0258-4ba2-a312-c145e4e7f928,beecbdcf-fce7-44f6-89dd-5639fb1ee63e,279d6256-1501-4c06-a558-b747144cf008,Wed Jul 15 2026 00:00:00 GMT+0530 (India Standard Time),Present,Period 1,Thu Jul 16 2026 09:30:18 GMT+0530 (India Standard Time)
1c7622cf-3828-4a8c-af5e-e440e7afa188,beecbdcf-fce7-44f6-89dd-5639fb1ee63e,a88aecf3-eaf0-419b-91c3-cdf5455d5c17,Wed Jul 15 2026 00:00:00 GMT+0530 (India Standard Time),Present,Period 2,Thu Jul 16 2026 09:30:20 GMT+0530 (India Standard Time)
63a1fb26-bb39-44c5-8789-9e01a098ef3e,beecbdcf-fce7-44f6-89dd-5639fb1ee63e,414407ce-d2c2-4de5-be18-21c2f47cd814,Wed Jul 15 2026 00:00:00 GMT+0530 (India Standard Time),Absent,Period 3,Thu Jul 16 2026 09:33:05 GMT+0530 (India Standard Time)
26bfd87f-e0db-4d21-971b-77dc772a6354,beecbdcf-fce7-44f6-89dd-5639fb1ee63e,74bc5998-c4e5-4467-a891-f220c6dcab16,Wed Jul 15 2026 00:00:00 GMT+0530 (India Standard Time),Absent,Period 4,Thu Jul 16 2026 09:33:07 GMT+0530 (India Standard Time)
4ba2d4ad-f2bb-45ae-8364-98d493ac5473,beecbdcf-fce7-44f6-89dd-5639fb1ee63e,994bee8c-b2fe-4ba8-8f47-97cad914a8ea,Wed Jul 15 2026 00:00:00 GMT+0530 (India Standard Time),Present,Period 5,Thu Jul 16 2026 09:33:24 GMT+0530 (India Standard Time)
3992d62a-804c-437c-a788-a1b7c304b56b,beecbdcf-fce7-44f6-89dd-5639fb1ee63e,6b29430e-db63-486a-a662-342e68f1d15e,Wed Jul 15 2026 00:00:00 GMT+0530 (India Standard Time),Present,Period 6,Thu Jul 16 2026 09:33:29 GMT+0530 (India Standard Time)
c5b4de25-974a-4ae8-9376-29edad717f72,beecbdcf-fce7-44f6-89dd-5639fb1ee63e,6b29430e-db63-486a-a662-342e68f1d15e,Wed Jul 15 2026 00:00:00 GMT+0530 (India Standard Time),Present,Period 7,Thu Jul 16 2026 09:33:31 GMT+0530 (India Standard Time)
3a49701d-0924-4547-85b3-2b3a9166ca84,beecbdcf-fce7-44f6-89dd-5639fb1ee63e,414407ce-d2c2-4de5-be18-21c2f47cd814,Thu Jul 16 2026 00:00:00 GMT+0530 (India Standard Time),Present,Period 1,Thu Jul 16 2026 09:33:42 GMT+0530 (India Standard Time)
e46c10a1-b967-40b9-a57f-1f4c87c784f6,beecbdcf-fce7-44f6-89dd-5639fb1ee63e,6c00d92e-ab39-4977-bb52-a976e21ff6b9,Thu Jul 16 2026 00:00:00 GMT+0530 (India Standard Time),Present,Period 2,Thu Jul 16 2026 09:33:45 GMT+0530 (India Standard Time)
7e3fb0f6-ab6c-418e-a322-00ea69b48a14,beecbdcf-fce7-44f6-89dd-5639fb1ee63e,a88aecf3-eaf0-419b-91c3-cdf5455d5c17,Thu Jul 16 2026 00:00:00 GMT+0530 (India Standard Time),Present,Period 3,Thu Jul 16 2026 09:33:47 GMT+0530 (India Standard Time)
f28aa00b-4cdc-498e-aee1-e9fc65c8fdb6,beecbdcf-fce7-44f6-89dd-5639fb1ee63e,7c5f606a-0552-4dc3-9c70-d9200935359b,Thu Jul 16 2026 00:00:00 GMT+0530 (India Standard Time),Present,Period 4,Thu Jul 16 2026 09:33:55 GMT+0530 (India Standard Time)
18a449f0-0f8e-43c6-ac44-6b058cd8156e,beecbdcf-fce7-44f6-89dd-5639fb1ee63e,6b790bdc-2d2f-429d-a297-211aaa3030a6,Thu Jul 16 2026 00:00:00 GMT+0530 (India Standard Time),Present,Period 5,Thu Jul 16 2026 09:33:58 GMT+0530 (India Standard Time)
dd5d6e20-2d80-488f-842f-7d1909794f59,beecbdcf-fce7-44f6-89dd-5639fb1ee63e,6b790bdc-2d2f-429d-a297-211aaa3030a6,Thu Jul 16 2026 00:00:00 GMT+0530 (India Standard Time),Present,Period 6,Thu Jul 16 2026 09:34:00 GMT+0530 (India Standard Time)
18b22e08-2398-4751-a5f4-f2e31f31b6cc,beecbdcf-fce7-44f6-89dd-5639fb1ee63e,7c5f606a-0552-4dc3-9c70-d9200935359b,Thu Jul 16 2026 00:00:00 GMT+0530 (India Standard Time),Present,Period 7,Thu Jul 16 2026 09:34:02 GMT+0530 (India Standard Time)
cb74612b-be52-4378-b0fd-06d8286f6f72,f34b7f7b-30d8-49c6-9768-3a0ff80067ff,636fd237-5059-4f11-b06c-b2649796631d,Mon Jul 13 2026 00:00:00 GMT+0530 (India Standard Time),Present,Period 1,Thu Jul 16 2026 14:41:40 GMT+0530 (India Standard Time)
757268b7-4343-4012-91bd-3f917dd36c0e,f34b7f7b-30d8-49c6-9768-3a0ff80067ff,636fd237-5059-4f11-b06c-b2649796631d,Mon Jul 13 2026 00:00:00 GMT+0530 (India Standard Time),Present,Period 2,Thu Jul 16 2026 14:41:42 GMT+0530 (India Standard Time)
c047d694-a80d-4a57-8426-50343615d687,f34b7f7b-30d8-49c6-9768-3a0ff80067ff,4ae56f95-59fa-407a-b151-f09e060a20c2,Mon Jul 13 2026 00:00:00 GMT+0530 (India Standard Time),Present,Period 3,Thu Jul 16 2026 14:41:46 GMT+0530 (India Standard Time)
68d253ad-3c21-4b50-a24f-f32f1c592ba9,f34b7f7b-30d8-49c6-9768-3a0ff80067ff,4ae56f95-59fa-407a-b151-f09e060a20c2,Mon Jul 13 2026 00:00:00 GMT+0530 (India Standard Time),Present,Period 4,Thu Jul 16 2026 14:41:47 GMT+0530 (India Standard Time)
71633ff7-0707-4fb6-bbc5-b2ef5b048429,f34b7f7b-30d8-49c6-9768-3a0ff80067ff,50c8b02e-5492-41db-962e-5c93fcd71d33,Mon Jul 13 2026 00:00:00 GMT+0530 (India Standard Time),Present,Period 5,Thu Jul 16 2026 14:41:51 GMT+0530 (India Standard Time)
f62c9c61-4900-4617-a539-6b3d2b0e3f17,f34b7f7b-30d8-49c6-9768-3a0ff80067ff,50c8b02e-5492-41db-962e-5c93fcd71d33,Mon Jul 13 2026 00:00:00 GMT+0530 (India Standard Time),Present,Period 6,Thu Jul 16 2026 14:41:51 GMT+0530 (India Standard Time)
06b1811f-4db7-4954-9356-3ea407ba7ef9,f34b7f7b-30d8-49c6-9768-3a0ff80067ff,e93343d7-22e5-4215-b259-14ec633cae32,Mon Jul 13 2026 00:00:00 GMT+0530 (India Standard Time),Present,Period 7,Thu Jul 16 2026 14:41:54 GMT+0530 (India Standard Time)
059b0551-ca24-45dc-93ea-53c0b89d8a91,f34b7f7b-30d8-49c6-9768-3a0ff80067ff,1d903b90-eb7c-4cf1-a2b4-a8d60ad30402,Tue Jul 14 2026 00:00:00 GMT+0530 (India Standard Time),Present,Period 1,Thu Jul 16 2026 14:42:28 GMT+0530 (India Standard Time)
5d682698-3efc-4974-8229-f865c3bd1fea,f34b7f7b-30d8-49c6-9768-3a0ff80067ff,1d903b90-eb7c-4cf1-a2b4-a8d60ad30402,Tue Jul 14 2026 00:00:00 GMT+0530 (India Standard Time),Present,Period 2,Thu Jul 16 2026 14:42:30 GMT+0530 (India Standard Time)
8f5998ca-dedc-4f9d-afa5-26cdcbff3dff,f34b7f7b-30d8-49c6-9768-3a0ff80067ff,e7fd4027-2f95-4dd8-af39-23ccccc227e6,Tue Jul 14 2026 00:00:00 GMT+0530 (India Standard Time),Present,Period 3,Thu Jul 16 2026 14:42:31 GMT+0530 (India Standard Time)
150ec9b3-5928-4d16-947c-841e60f40ec0,f34b7f7b-30d8-49c6-9768-3a0ff80067ff,e7fd4027-2f95-4dd8-af39-23ccccc227e6,Tue Jul 14 2026 00:00:00 GMT+0530 (India Standard Time),Present,Period 4,Thu Jul 16 2026 14:42:37 GMT+0530 (India Standard Time)
cb8464e2-11ba-4c0f-9eea-4230a9aee25a,f34b7f7b-30d8-49c6-9768-3a0ff80067ff,98e0fa00-4378-494f-81cd-5f1aaf5421d6,Tue Jul 14 2026 00:00:00 GMT+0530 (India Standard Time),Present,Period 5,Thu Jul 16 2026 14:42:40 GMT+0530 (India Standard Time)
843f43de-a05e-4a63-aeab-8fe5b772521c,f34b7f7b-30d8-49c6-9768-3a0ff80067ff,f63ea89c-6055-4190-8593-69284f2119fe,Tue Jul 14 2026 00:00:00 GMT+0530 (India Standard Time),Present,Period 6,Thu Jul 16 2026 14:42:41 GMT+0530 (India Standard Time)
562cddc7-d821-4d58-8140-271fc6a49cf1,f34b7f7b-30d8-49c6-9768-3a0ff80067ff,98e0fa00-4378-494f-81cd-5f1aaf5421d6,Tue Jul 14 2026 00:00:00 GMT+0530 (India Standard Time),Present,Period 7,Thu Jul 16 2026 14:42:43 GMT+0530 (India Standard Time)
9dfe54e3-518e-486c-9c74-4ddb5b0fbdc2,f34b7f7b-30d8-49c6-9768-3a0ff80067ff,f63ea89c-6055-4190-8593-69284f2119fe,Wed Jul 15 2026 00:00:00 GMT+0530 (India Standard Time),Present,Period 1,Thu Jul 16 2026 14:44:06 GMT+0530 (India Standard Time)
4362b924-a3fe-4493-abb0-26abf1366f01,f34b7f7b-30d8-49c6-9768-3a0ff80067ff,54c41faf-342d-41a3-a4fd-e31075b16f23,Wed Jul 15 2026 00:00:00 GMT+0530 (India Standard Time),Present,Period 2,Thu Jul 16 2026 14:44:07 GMT+0530 (India Standard Time)
98f3930f-2457-413f-9afe-fe05106e4d09,f34b7f7b-30d8-49c6-9768-3a0ff80067ff,0f96b46f-e2d9-4436-a114-8c1e7379db99,Wed Jul 15 2026 00:00:00 GMT+0530 (India Standard Time),Present,Period 3,Thu Jul 16 2026 14:44:08 GMT+0530 (India Standard Time)
eb0811af-99b1-4bb4-b4dd-16a41eb62988,f34b7f7b-30d8-49c6-9768-3a0ff80067ff,9336b1a3-258f-4fc1-943c-021e219b2b18,Wed Jul 15 2026 00:00:00 GMT+0530 (India Standard Time),Present,Period 4,Thu Jul 16 2026 14:44:09 GMT+0530 (India Standard Time)
c3d65b39-128d-49ac-8094-60a697f06f98,f34b7f7b-30d8-49c6-9768-3a0ff80067ff,50c8b02e-5492-41db-962e-5c93fcd71d33,Wed Jul 15 2026 00:00:00 GMT+0530 (India Standard Time),Present,Period 5,Thu Jul 16 2026 14:44:12 GMT+0530 (India Standard Time)
369c1eb1-e0f0-42a5-a848-197c56eeaa0b,f34b7f7b-30d8-49c6-9768-3a0ff80067ff,edab0e5d-7649-465c-bc17-ef1db7858319,Wed Jul 15 2026 00:00:00 GMT+0530 (India Standard Time),Present,Period 6,Thu Jul 16 2026 14:44:13 GMT+0530 (India Standard Time)
d8c5ae5d-68f0-4d22-80be-d164e712a9c6,f34b7f7b-30d8-49c6-9768-3a0ff80067ff,edab0e5d-7649-465c-bc17-ef1db7858319,Wed Jul 15 2026 00:00:00 GMT+0530 (India Standard Time),Present,Period 7,Thu Jul 16 2026 14:44:14 GMT+0530 (India Standard Time)
f6afcaaa-a427-4da6-aa1e-34a1f1b45443,c5e46aab-8c7f-450c-b381-90a98f7b00ef,9f03fd3d-d2a2-4361-b63f-1ba34d29bbe5,Mon Jul 13 2026 00:00:00 GMT+0530 (India Standard Time),Present,Period 1,Thu Jul 16 2026 14:44:21 GMT+0530 (India Standard Time)
2a1e9183-26c0-48de-860c-508ba0beb65f,c5e46aab-8c7f-450c-b381-90a98f7b00ef,9f03fd3d-d2a2-4361-b63f-1ba34d29bbe5,Mon Jul 13 2026 00:00:00 GMT+0530 (India Standard Time),Present,Period 2,Thu Jul 16 2026 14:44:21 GMT+0530 (India Standard Time)
e1e71bbe-937d-416a-bd93-29cfa02edc6e,c5e46aab-8c7f-450c-b381-90a98f7b00ef,fefd21c9-81c2-4538-8249-c7695b552ce3,Mon Jul 13 2026 00:00:00 GMT+0530 (India Standard Time),Present,Period 3,Thu Jul 16 2026 14:44:22 GMT+0530 (India Standard Time)
fb1ea4f0-77be-4596-bbfd-a7071e0ee235,c5e46aab-8c7f-450c-b381-90a98f7b00ef,9b321998-20e3-4d86-bc7d-de395a711a90,Mon Jul 13 2026 00:00:00 GMT+0530 (India Standard Time),Present,Period 5,Thu Jul 16 2026 14:44:24 GMT+0530 (India Standard Time)
c4d1c084-7675-40ba-b664-e964b104c2bd,c5e46aab-8c7f-450c-b381-90a98f7b00ef,fefd21c9-81c2-4538-8249-c7695b552ce3,Mon Jul 13 2026 00:00:00 GMT+0530 (India Standard Time),Present,Period 4,Thu Jul 16 2026 14:44:25 GMT+0530 (India Standard Time)
7965448e-7596-4285-8eb4-695fe396f47f,c5e46aab-8c7f-450c-b381-90a98f7b00ef,9b321998-20e3-4d86-bc7d-de395a711a90,Mon Jul 13 2026 00:00:00 GMT+0530 (India Standard Time),Present,Period 6,Thu Jul 16 2026 14:44:26 GMT+0530 (India Standard Time)
25803994-5636-44eb-a33b-e7537eba85e4,c5e46aab-8c7f-450c-b381-90a98f7b00ef,6310ac59-00a6-44db-9498-4eabf33209d6,Mon Jul 13 2026 00:00:00 GMT+0530 (India Standard Time),Present,Period 7,Thu Jul 16 2026 14:44:26 GMT+0530 (India Standard Time)
5da948c1-7976-43c1-b3aa-b3f6af59943f,c5e46aab-8c7f-450c-b381-90a98f7b00ef,f7cfb66e-d824-4778-bc15-a0a07fd943c6,Tue Jul 14 2026 00:00:00 GMT+0530 (India Standard Time),Present,Period 1,Thu Jul 16 2026 14:44:43 GMT+0530 (India Standard Time)
31fec78f-b50f-4957-bed6-77dc2b6c4b17,c5e46aab-8c7f-450c-b381-90a98f7b00ef,f7cfb66e-d824-4778-bc15-a0a07fd943c6,Tue Jul 14 2026 00:00:00 GMT+0530 (India Standard Time),Present,Period 2,Thu Jul 16 2026 14:44:45 GMT+0530 (India Standard Time)
724b7215-f9ae-4d3c-a8f9-bd2939d956c5,c5e46aab-8c7f-450c-b381-90a98f7b00ef,a2f6016d-ce68-41a4-a1ea-bd688622b2a9,Tue Jul 14 2026 00:00:00 GMT+0530 (India Standard Time),Present,Period 4,Thu Jul 16 2026 14:44:45 GMT+0530 (India Standard Time)
b4c260e7-92f8-45d5-a427-ef14c60e846c,c5e46aab-8c7f-450c-b381-90a98f7b00ef,a2f6016d-ce68-41a4-a1ea-bd688622b2a9,Tue Jul 14 2026 00:00:00 GMT+0530 (India Standard Time),Present,Period 3,Thu Jul 16 2026 14:44:45 GMT+0530 (India Standard Time)
d06c3f5f-8662-46ae-8f08-523503612ea8,c5e46aab-8c7f-450c-b381-90a98f7b00ef,e70d2bdc-a87f-45fd-8087-a29eaf17bb2e,Tue Jul 14 2026 00:00:00 GMT+0530 (India Standard Time),Present,Period 5,Thu Jul 16 2026 14:44:46 GMT+0530 (India Standard Time)
edca892b-19b0-4c4c-8f13-5fac7c09be31,c5e46aab-8c7f-450c-b381-90a98f7b00ef,1afd624f-393c-4ec9-8e05-c4a7351f81fd,Tue Jul 14 2026 00:00:00 GMT+0530 (India Standard Time),Present,Period 6,Thu Jul 16 2026 14:44:47 GMT+0530 (India Standard Time)
6779b2dc-cf4a-4632-915d-7ddd412243d6,c5e46aab-8c7f-450c-b381-90a98f7b00ef,e70d2bdc-a87f-45fd-8087-a29eaf17bb2e,Tue Jul 14 2026 00:00:00 GMT+0530 (India Standard Time),Present,Period 7,Thu Jul 16 2026 14:44:48 GMT+0530 (India Standard Time)
3ce39678-9474-4096-b5cd-2ae66670e65c,c5e46aab-8c7f-450c-b381-90a98f7b00ef,1afd624f-393c-4ec9-8e05-c4a7351f81fd,Wed Jul 15 2026 00:00:00 GMT+0530 (India Standard Time),Present,Period 1,Thu Jul 16 2026 14:45:05 GMT+0530 (India Standard Time)
a074d912-f118-49e9-9446-5034bd6f55d2,c5e46aab-8c7f-450c-b381-90a98f7b00ef,900153b8-a8c8-4f82-a440-122afac550e7,Wed Jul 15 2026 00:00:00 GMT+0530 (India Standard Time),Present,Period 2,Thu Jul 16 2026 14:45:07 GMT+0530 (India Standard Time)
fe0bde86-a37a-4b94-805e-357013e2fdd4,c5e46aab-8c7f-450c-b381-90a98f7b00ef,ef40ea71-db16-4940-afbc-73605537fab9,Wed Jul 15 2026 00:00:00 GMT+0530 (India Standard Time),Present,Period 4,Thu Jul 16 2026 14:45:08 GMT+0530 (India Standard Time)
88faa202-33f3-48e7-8d2e-1463342e72bb,c5e46aab-8c7f-450c-b381-90a98f7b00ef,0c3844bd-b331-45f4-9536-b5d2fcdd37b5,Wed Jul 15 2026 00:00:00 GMT+0530 (India Standard Time),Present,Period 3,Thu Jul 16 2026 14:45:08 GMT+0530 (India Standard Time)
9a2c79f6-f706-4c2d-9b9d-65fd6f867850,c5e46aab-8c7f-450c-b381-90a98f7b00ef,9b321998-20e3-4d86-bc7d-de395a711a90,Wed Jul 15 2026 00:00:00 GMT+0530 (India Standard Time),Present,Period 5,Thu Jul 16 2026 14:45:09 GMT+0530 (India Standard Time)
8f991603-d038-4082-aa2f-d5914d35106b,c5e46aab-8c7f-450c-b381-90a98f7b00ef,4504201a-022c-47bf-b141-3f1b73b5a977,Wed Jul 15 2026 00:00:00 GMT+0530 (India Standard Time),Present,Period 6,Thu Jul 16 2026 14:45:11 GMT+0530 (India Standard Time)
78d9e9e6-f920-49a4-870c-ce571f0a5178,c5e46aab-8c7f-450c-b381-90a98f7b00ef,4504201a-022c-47bf-b141-3f1b73b5a977,Wed Jul 15 2026 00:00:00 GMT+0530 (India Standard Time),Present,Period 7,Thu Jul 16 2026 14:45:13 GMT+0530 (India Standard Time)
ed83b05c-762c-4f54-a972-8b0f61f72bd2,c5e46aab-8c7f-450c-b381-90a98f7b00ef,0c3844bd-b331-45f4-9536-b5d2fcdd37b5,Thu Jul 16 2026 00:00:00 GMT+0530 (India Standard Time),Present,Period 1,Thu Jul 16 2026 14:45:21 GMT+0530 (India Standard Time)
5ee0970e-0e7e-4d93-aa57-c6c25660a874,c5e46aab-8c7f-450c-b381-90a98f7b00ef,0b1446c5-78ba-447e-b58f-39e179697d3f,Thu Jul 16 2026 00:00:00 GMT+0530 (India Standard Time),Present,Period 2,Thu Jul 16 2026 14:45:22 GMT+0530 (India Standard Time)
a244a4ba-ed75-495c-b41b-5de648634697,c5e46aab-8c7f-450c-b381-90a98f7b00ef,900153b8-a8c8-4f82-a440-122afac550e7,Thu Jul 16 2026 00:00:00 GMT+0530 (India Standard Time),Present,Period 3,Thu Jul 16 2026 14:45:23 GMT+0530 (India Standard Time)
0335080f-8ca9-4086-b804-96fc732ac149,c5e46aab-8c7f-450c-b381-90a98f7b00ef,9f03fd3d-d2a2-4361-b63f-1ba34d29bbe5,Thu Jul 16 2026 00:00:00 GMT+0530 (India Standard Time),Present,Period 5,Thu Jul 16 2026 14:45:36 GMT+0530 (India Standard Time)
0f33254c-4a2f-4b77-92c6-3b00f0d50834,c5e46aab-8c7f-450c-b381-90a98f7b00ef,9f03fd3d-d2a2-4361-b63f-1ba34d29bbe5,Thu Jul 16 2026 00:00:00 GMT+0530 (India Standard Time),Present,Period 6,Thu Jul 16 2026 14:45:38 GMT+0530 (India Standard Time)
57d9b84d-927a-471f-a384-e0415c6a278e,c5e46aab-8c7f-450c-b381-90a98f7b00ef,6310ac59-00a6-44db-9498-4eabf33209d6,Thu Jul 16 2026 00:00:00 GMT+0530 (India Standard Time),Present,Period 4,Thu Jul 16 2026 14:48:57 GMT+0530 (India Standard Time)
295b4972-8781-4b49-8369-afb98654f506,c5e46aab-8c7f-450c-b381-90a98f7b00ef,6310ac59-00a6-44db-9498-4eabf33209d6,Thu Jul 16 2026 00:00:00 GMT+0530 (India Standard Time),Present,Period 7,Thu Jul 16 2026 14:48:59 GMT+0530 (India Standard Time)
ab02d98c-07d6-4288-87a7-075a8503fae9,c5e46aab-8c7f-450c-b381-90a98f7b00ef,900153b8-a8c8-4f82-a440-122afac550e7,Fri Jul 17 2026 00:00:00 GMT+0530 (India Standard Time),Present,Period 2,Thu Jul 16 2026 14:52:00 GMT+0530 (India Standard Time)
fcc891c5-a74f-4122-b8e8-6ef8a335af1f,c5e46aab-8c7f-450c-b381-90a98f7b00ef,1afd624f-393c-4ec9-8e05-c4a7351f81fd,Fri Jul 17 2026 00:00:00 GMT+0530 (India Standard Time),Present,Period 4,Thu Jul 16 2026 14:52:01 GMT+0530 (India Standard Time)
89f1488b-a23a-4833-885e-7584a926251f,c5e46aab-8c7f-450c-b381-90a98f7b00ef,d6fce91a-c06c-40be-adc0-fbcc9b6f8c65,Fri Jul 17 2026 00:00:00 GMT+0530 (India Standard Time),Present,Period 5,Thu Jul 16 2026 14:52:03 GMT+0530 (India Standard Time)
c6c19ca7-7813-443b-8b55-802d5fe58a4c,c5e46aab-8c7f-450c-b381-90a98f7b00ef,d6fce91a-c06c-40be-adc0-fbcc9b6f8c65,Fri Jul 17 2026 00:00:00 GMT+0530 (India Standard Time),Present,Period 6,Thu Jul 16 2026 14:52:04 GMT+0530 (India Standard Time)
0f00fd35-61c6-495e-83bb-4935af8bc6f4,c5e46aab-8c7f-450c-b381-90a98f7b00ef,0c3844bd-b331-45f4-9536-b5d2fcdd37b5,Fri Jul 17 2026 00:00:00 GMT+0530 (India Standard Time),Present,Period 7,Thu Jul 16 2026 14:52:05 GMT+0530 (India Standard Time)
2fd593bc-d329-4c82-8504-ce5484146c20,c5e46aab-8c7f-450c-b381-90a98f7b00ef,e70d2bdc-a87f-45fd-8087-a29eaf17bb2e,Fri Jul 17 2026 00:00:00 GMT+0530 (India Standard Time),Present,Period 3,Thu Jul 16 2026 14:52:07 GMT+0530 (India Standard Time)
745f47d6-76df-4dda-a7f5-a9e766318e01,beecbdcf-fce7-44f6-89dd-5639fb1ee63e,a88aecf3-eaf0-419b-91c3-cdf5455d5c17,Fri Jul 17 2026 00:00:00 GMT+0530 (India Standard Time),Present,Period 1,Fri Jul 17 2026 02:38:48 GMT+0530 (India Standard Time)
ebe52cd9-e817-4282-a106-2f00294260f3,beecbdcf-fce7-44f6-89dd-5639fb1ee63e,a88aecf3-eaf0-419b-91c3-cdf5455d5c17,Fri Jul 17 2026 00:00:00 GMT+0530 (India Standard Time),Present,Period 2,Fri Jul 17 2026 02:38:51 GMT+0530 (India Standard Time)
fc8560ff-b56e-45fd-b470-b8431dc16241,beecbdcf-fce7-44f6-89dd-5639fb1ee63e,27cf3c3c-85f2-43a2-bcc9-7f6fdb10c7fe,Fri Jul 17 2026 00:00:00 GMT+0530 (India Standard Time),Present,Period 3,Fri Jul 17 2026 05:42:51 GMT+0530 (India Standard Time)
8843a366-5a6a-489a-8199-fe7db603ba3a,beecbdcf-fce7-44f6-89dd-5639fb1ee63e,279d6256-1501-4c06-a558-b747144cf008,Fri Jul 17 2026 00:00:00 GMT+0530 (India Standard Time),Present,Period 4,Fri Jul 17 2026 05:42:54 GMT+0530 (India Standard Time)
78d90df5-d50d-4c9d-8a67-892d79d43975,beecbdcf-fce7-44f6-89dd-5639fb1ee63e,926fe88f-22c3-4ff0-8691-3b862e44ed50,Fri Jul 17 2026 00:00:00 GMT+0530 (India Standard Time),Present,Period 5,Fri Jul 17 2026 07:34:18 GMT+0530 (India Standard Time)
653142e1-a470-4c51-926b-62aae50cc2a2,beecbdcf-fce7-44f6-89dd-5639fb1ee63e,926fe88f-22c3-4ff0-8691-3b862e44ed50,Fri Jul 17 2026 00:00:00 GMT+0530 (India Standard Time),Present,Period 6,Fri Jul 17 2026 07:34:19 GMT+0530 (India Standard Time)
b86d7c09-271c-41fa-ab98-79813ba820c6,beecbdcf-fce7-44f6-89dd-5639fb1ee63e,414407ce-d2c2-4de5-be18-21c2f47cd814,Fri Jul 17 2026 00:00:00 GMT+0530 (India Standard Time),Present,Period 7,Fri Jul 17 2026 09:30:19 GMT+0530 (India Standard Time)
a831a602-68e6-487c-9d97-03a366a26562,c5e46aab-8c7f-450c-b381-90a98f7b00ef,1afd624f-393c-4ec9-8e05-c4a7351f81fd,Sat Jul 18 2026 00:00:00 GMT+0530 (India Standard Time),Present,Period 3,Fri Jul 17 2026 16:50:38 GMT+0530 (India Standard Time)
3886dee0-739e-40b2-adf5-dd89cbc0df55,c5e46aab-8c7f-450c-b381-90a98f7b00ef,6310ac59-00a6-44db-9498-4eabf33209d6,Sat Jul 18 2026 00:00:00 GMT+0530 (India Standard Time),Present,Period 4,Fri Jul 17 2026 16:50:44 GMT+0530 (India Standard Time)
5c074cd7-61b2-46f6-afee-9c6ac455eeef,c5e46aab-8c7f-450c-b381-90a98f7b00ef,e70d2bdc-a87f-45fd-8087-a29eaf17bb2e,Sat Jul 18 2026 00:00:00 GMT+0530 (India Standard Time),Present,Period 5,Fri Jul 17 2026 16:50:44 GMT+0530 (India Standard Time)
d0ef0ae8-3309-4a61-9709-d751208906b1,c5e46aab-8c7f-450c-b381-90a98f7b00ef,4504201a-022c-47bf-b141-3f1b73b5a977,Sat Jul 18 2026 00:00:00 GMT+0530 (India Standard Time),Present,Period 6,Fri Jul 17 2026 16:50:45 GMT+0530 (India Standard Time)
4d6f0b36-9fc2-4ac1-aa79-4bc98b72bc84,c5e46aab-8c7f-450c-b381-90a98f7b00ef,0b1446c5-78ba-447e-b58f-39e179697d3f,Sat Jul 18 2026 00:00:00 GMT+0530 (India Standard Time),Present,Period 2,Fri Jul 17 2026 16:50:48 GMT+0530 (India Standard Time)
b922bce0-b753-4ac0-bd14-be7406951c69,beecbdcf-fce7-44f6-89dd-5639fb1ee63e,a88aecf3-eaf0-419b-91c3-cdf5455d5c17,Sat Jul 18 2026 00:00:00 GMT+0530 (India Standard Time),Present,Period 1,Sat Jul 18 2026 03:29:30 GMT+0530 (India Standard Time)
b1724008-2184-4e0e-b50c-0f117cf3009c,beecbdcf-fce7-44f6-89dd-5639fb1ee63e,279d6256-1501-4c06-a558-b747144cf008,Sat Jul 18 2026 00:00:00 GMT+0530 (India Standard Time),Present,Period 3,Sat Jul 18 2026 04:45:15 GMT+0530 (India Standard Time)
11e703ad-7e0f-4e67-8e59-b649d3b1a846,a46113b2-b8bb-4498-9d23-89c29d559d00,58b37013-6bac-438b-a0be-376071de191b,Sat Jul 18 2026 00:00:00 GMT+0530 (India Standard Time),Present,Period 1,Sat Jul 18 2026 04:47:25 GMT+0530 (India Standard Time)
07ef7509-31c9-4dff-a7bc-a45e9911fdb8,a46113b2-b8bb-4498-9d23-89c29d559d00,4f2f9702-6265-4603-966f-b9b53fd94621,Sat Jul 18 2026 00:00:00 GMT+0530 (India Standard Time),Present,Period 2,Sat Jul 18 2026 04:47:28 GMT+0530 (India Standard Time)
b53c82de-0dc2-4be7-b8a5-cb56eae964fc,a46113b2-b8bb-4498-9d23-89c29d559d00,b0b6e8eb-ea89-4a83-9aca-ec9469cc64a9,Sat Jul 18 2026 00:00:00 GMT+0530 (India Standard Time),Present,Period 3,Sat Jul 18 2026 04:47:44 GMT+0530 (India Standard Time)
d02aaeae-8f21-42e0-98c2-c0b9d308d535,a46113b2-b8bb-4498-9d23-89c29d559d00,58b37013-6bac-438b-a0be-376071de191b,Fri Jul 17 2026 00:00:00 GMT+0530 (India Standard Time),Absent,Period 1,Sat Jul 18 2026 04:48:02 GMT+0530 (India Standard Time)
680aeab8-32a2-4e28-a32c-99364278e963,a46113b2-b8bb-4498-9d23-89c29d559d00,58b37013-6bac-438b-a0be-376071de191b,Fri Jul 17 2026 00:00:00 GMT+0530 (India Standard Time),Absent,Period 2,Sat Jul 18 2026 04:48:04 GMT+0530 (India Standard Time)
ca46577b-c68f-4159-bc17-963412a39540,a46113b2-b8bb-4498-9d23-89c29d559d00,7f4a7e05-db7d-4929-9568-dd56e4bf7375,Fri Jul 17 2026 00:00:00 GMT+0530 (India Standard Time),Present,Period 3,Sat Jul 18 2026 04:48:24 GMT+0530 (India Standard Time)
3569c7c8-5ad7-4af7-8381-df435293e7a5,a46113b2-b8bb-4498-9d23-89c29d559d00,b0b6e8eb-ea89-4a83-9aca-ec9469cc64a9,Fri Jul 17 2026 00:00:00 GMT+0530 (India Standard Time),Present,Period 4,Sat Jul 18 2026 04:48:25 GMT+0530 (India Standard Time)
b0ba3239-de8b-4f24-9cf3-1433e6056fe5,a46113b2-b8bb-4498-9d23-89c29d559d00,57d33bf5-4eb1-4b37-8dd9-78f740522f62,Fri Jul 17 2026 00:00:00 GMT+0530 (India Standard Time),Present,Period 5,Sat Jul 18 2026 04:48:26 GMT+0530 (India Standard Time)
87f314ec-0d82-45fa-a8d2-02b6bf663fbf,a46113b2-b8bb-4498-9d23-89c29d559d00,57d33bf5-4eb1-4b37-8dd9-78f740522f62,Fri Jul 17 2026 00:00:00 GMT+0530 (India Standard Time),Present,Period 6,Sat Jul 18 2026 04:48:27 GMT+0530 (India Standard Time)
7bbbbd56-0d90-4f71-bc02-4c4baf3943a2,a46113b2-b8bb-4498-9d23-89c29d559d00,65d90220-c7d9-4c0f-a544-5ab7daea523a,Fri Jul 17 2026 00:00:00 GMT+0530 (India Standard Time),Present,Period 7,Sat Jul 18 2026 04:48:29 GMT+0530 (India Standard Time)
680a336e-3e23-4397-bc96-a4b834aeb6c4,a46113b2-b8bb-4498-9d23-89c29d559d00,65d90220-c7d9-4c0f-a544-5ab7daea523a,Thu Jul 16 2026 00:00:00 GMT+0530 (India Standard Time),Present,Period 1,Sat Jul 18 2026 04:48:44 GMT+0530 (India Standard Time)
d4385193-abbb-4a46-b21c-c72f5626488d,a46113b2-b8bb-4498-9d23-89c29d559d00,4f2f9702-6265-4603-966f-b9b53fd94621,Thu Jul 16 2026 00:00:00 GMT+0530 (India Standard Time),Present,Period 2,Sat Jul 18 2026 04:48:47 GMT+0530 (India Standard Time)
7c82d02e-1e59-4be2-ab34-f10ccf1deb02,a46113b2-b8bb-4498-9d23-89c29d559d00,58b37013-6bac-438b-a0be-376071de191b,Thu Jul 16 2026 00:00:00 GMT+0530 (India Standard Time),Present,Period 3,Sat Jul 18 2026 04:48:47 GMT+0530 (India Standard Time)
96aaed9d-8b85-4a5a-91d1-4b5709ddcace,a46113b2-b8bb-4498-9d23-89c29d559d00,5b471020-4d34-4294-8441-c5d82df4daa2,Thu Jul 16 2026 00:00:00 GMT+0530 (India Standard Time),Present,Period 4,Sat Jul 18 2026 04:48:48 GMT+0530 (India Standard Time)
454260d6-4d4c-479f-a355-096cd568b5f9,a46113b2-b8bb-4498-9d23-89c29d559d00,fe5f9e58-1088-45a9-bfdf-fc8039119934,Thu Jul 16 2026 00:00:00 GMT+0530 (India Standard Time),Present,Period 5,Sat Jul 18 2026 04:48:50 GMT+0530 (India Standard Time)
653aa517-96d4-4dc6-9d71-210ddc10b62a,a46113b2-b8bb-4498-9d23-89c29d559d00,fe5f9e58-1088-45a9-bfdf-fc8039119934,Thu Jul 16 2026 00:00:00 GMT+0530 (India Standard Time),Present,Period 6,Sat Jul 18 2026 04:48:51 GMT+0530 (India Standard Time)
f6b04bd7-3dcd-404e-ad41-c382ba5233c9,a46113b2-b8bb-4498-9d23-89c29d559d00,5b471020-4d34-4294-8441-c5d82df4daa2,Thu Jul 16 2026 00:00:00 GMT+0530 (India Standard Time),Present,Period 7,Sat Jul 18 2026 04:48:53 GMT+0530 (India Standard Time)
ab0e8747-430f-4611-a584-e6f0719851f3,a46113b2-b8bb-4498-9d23-89c29d559d00,b0b6e8eb-ea89-4a83-9aca-ec9469cc64a9,Wed Jul 15 2026 00:00:00 GMT+0530 (India Standard Time),Present,Period 1,Sat Jul 18 2026 05:32:05 GMT+0530 (India Standard Time)
fea70292-fe69-4b53-aeb9-6fb59cfd9de3,a46113b2-b8bb-4498-9d23-89c29d559d00,58b37013-6bac-438b-a0be-376071de191b,Wed Jul 15 2026 00:00:00 GMT+0530 (India Standard Time),Present,Period 2,Sat Jul 18 2026 05:32:07 GMT+0530 (India Standard Time)
29b8fee7-6521-4ef2-a74f-f648f4ed2083,a46113b2-b8bb-4498-9d23-89c29d559d00,65d90220-c7d9-4c0f-a544-5ab7daea523a,Wed Jul 15 2026 00:00:00 GMT+0530 (India Standard Time),Present,Period 3,Sat Jul 18 2026 05:32:08 GMT+0530 (India Standard Time)
621f5afa-e2c5-46bc-9b82-e3c7e5664ffc,a46113b2-b8bb-4498-9d23-89c29d559d00,baa04277-08c0-473b-ba71-9c19c46ce8c8,Wed Jul 15 2026 00:00:00 GMT+0530 (India Standard Time),Present,Period 4,Sat Jul 18 2026 05:32:09 GMT+0530 (India Standard Time)
aa97bcbe-7962-4201-a546-b435735f714e,a46113b2-b8bb-4498-9d23-89c29d559d00,de84e7fc-0656-4ba0-83a0-7a2c52fa3007,Wed Jul 15 2026 00:00:00 GMT+0530 (India Standard Time),Present,Period 5,Sat Jul 18 2026 05:32:14 GMT+0530 (India Standard Time)
24c8f649-d8df-410f-b083-a1365d6c9cbd,a46113b2-b8bb-4498-9d23-89c29d559d00,4e1e87b4-7101-4a5d-8c15-61caddc35ffb,Wed Jul 15 2026 00:00:00 GMT+0530 (India Standard Time),Present,Period 6,Sat Jul 18 2026 05:32:15 GMT+0530 (India Standard Time)
9e800f4a-825f-44f8-9f88-af36450101c0,a46113b2-b8bb-4498-9d23-89c29d559d00,4e1e87b4-7101-4a5d-8c15-61caddc35ffb,Wed Jul 15 2026 00:00:00 GMT+0530 (India Standard Time),Present,Period 7,Sat Jul 18 2026 05:32:18 GMT+0530 (India Standard Time)
911b53c5-5fae-4d6f-b90c-882a27ff92e2,a46113b2-b8bb-4498-9d23-89c29d559d00,0aa37113-c1d1-439b-aa29-2ee8e16c4de4,Tue Jul 14 2026 00:00:00 GMT+0530 (India Standard Time),Present,Period 1,Sat Jul 18 2026 05:32:32 GMT+0530 (India Standard Time)
7d7e8b4d-bbc2-47c8-9639-9c6dbf939372,a46113b2-b8bb-4498-9d23-89c29d559d00,0aa37113-c1d1-439b-aa29-2ee8e16c4de4,Tue Jul 14 2026 00:00:00 GMT+0530 (India Standard Time),Present,Period 2,Sat Jul 18 2026 05:32:35 GMT+0530 (India Standard Time)
87dd5649-e405-4d1f-8f2d-d3a1373cafcd,a46113b2-b8bb-4498-9d23-89c29d559d00,c606ee72-6070-4686-96e4-3683a68a5df8,Tue Jul 14 2026 00:00:00 GMT+0530 (India Standard Time),Present,Period 3,Sat Jul 18 2026 05:32:36 GMT+0530 (India Standard Time)
31170355-6663-4faa-b438-da595cb56d60,a46113b2-b8bb-4498-9d23-89c29d559d00,c606ee72-6070-4686-96e4-3683a68a5df8,Tue Jul 14 2026 00:00:00 GMT+0530 (India Standard Time),Present,Period 4,Sat Jul 18 2026 05:32:37 GMT+0530 (India Standard Time)
23db6ca4-78b5-4f3c-bfaa-9871e4d28667,a46113b2-b8bb-4498-9d23-89c29d559d00,7f4a7e05-db7d-4929-9568-dd56e4bf7375,Tue Jul 14 2026 00:00:00 GMT+0530 (India Standard Time),Present,Period 5,Sat Jul 18 2026 05:32:41 GMT+0530 (India Standard Time)
25e36998-4643-4b0b-a971-8e2136bbde4e,a46113b2-b8bb-4498-9d23-89c29d559d00,b0b6e8eb-ea89-4a83-9aca-ec9469cc64a9,Tue Jul 14 2026 00:00:00 GMT+0530 (India Standard Time),Present,Period 6,Sat Jul 18 2026 05:32:42 GMT+0530 (India Standard Time)
aac86c6b-48d3-4d17-9f52-e6950e315a8b,a46113b2-b8bb-4498-9d23-89c29d559d00,7f4a7e05-db7d-4929-9568-dd56e4bf7375,Tue Jul 14 2026 00:00:00 GMT+0530 (India Standard Time),Present,Period 7,Sat Jul 18 2026 05:32:45 GMT+0530 (India Standard Time)
16b4acd4-a4ca-407a-8404-9647292d1e33,a46113b2-b8bb-4498-9d23-89c29d559d00,fe5f9e58-1088-45a9-bfdf-fc8039119934,Mon Jul 13 2026 00:00:00 GMT+0530 (India Standard Time),Present,Period 1,Sat Jul 18 2026 05:32:56 GMT+0530 (India Standard Time)
34f62d05-099a-4794-ab83-22ce8a927db9,a46113b2-b8bb-4498-9d23-89c29d559d00,fe5f9e58-1088-45a9-bfdf-fc8039119934,Mon Jul 13 2026 00:00:00 GMT+0530 (India Standard Time),Present,Period 2,Sat Jul 18 2026 05:32:57 GMT+0530 (India Standard Time)
373e07f0-85db-4400-8a31-d7b6772e0408,a46113b2-b8bb-4498-9d23-89c29d559d00,9ea89559-deec-42ca-97d8-3ad11e3a3922,Mon Jul 13 2026 00:00:00 GMT+0530 (India Standard Time),Present,Period 3,Sat Jul 18 2026 05:33:00 GMT+0530 (India Standard Time)
2330f945-333b-4492-982f-8e34fc8bebf0,a46113b2-b8bb-4498-9d23-89c29d559d00,9ea89559-deec-42ca-97d8-3ad11e3a3922,Mon Jul 13 2026 00:00:00 GMT+0530 (India Standard Time),Present,Period 4,Sat Jul 18 2026 05:33:00 GMT+0530 (India Standard Time)
bc88a110-f9be-4e5f-a6fb-a01db6b7c3bf,a46113b2-b8bb-4498-9d23-89c29d559d00,de84e7fc-0656-4ba0-83a0-7a2c52fa3007,Mon Jul 13 2026 00:00:00 GMT+0530 (India Standard Time),Present,Period 5,Sat Jul 18 2026 05:33:07 GMT+0530 (India Standard Time)
db2e77a1-c130-455e-8371-88956d8ce7a2,a46113b2-b8bb-4498-9d23-89c29d559d00,de84e7fc-0656-4ba0-83a0-7a2c52fa3007,Mon Jul 13 2026 00:00:00 GMT+0530 (India Standard Time),Present,Period 6,Sat Jul 18 2026 05:33:09 GMT+0530 (India Standard Time)
99e27941-d73e-4f52-9ff0-0c8b363e182a,a46113b2-b8bb-4498-9d23-89c29d559d00,5b471020-4d34-4294-8441-c5d82df4daa2,Mon Jul 13 2026 00:00:00 GMT+0530 (India Standard Time),Present,Period 7,Sat Jul 18 2026 05:33:12 GMT+0530 (India Standard Time)
2d7c9d9a-f937-4b5a-9100-4235a9e5810a,a46113b2-b8bb-4498-9d23-89c29d559d00,5b471020-4d34-4294-8441-c5d82df4daa2,Sat Jul 18 2026 00:00:00 GMT+0530 (India Standard Time),Present,Period 4,Sat Jul 18 2026 05:42:19 GMT+0530 (India Standard Time)
8d8c3789-8205-4308-b445-c7e361e56c86,c5e46aab-8c7f-450c-b381-90a98f7b00ef,0c3844bd-b331-45f4-9536-b5d2fcdd37b5,Sat Jul 18 2026 00:00:00 GMT+0530 (India Standard Time),Present,Period 7,Sat Jul 18 2026 16:07:58 GMT+0530 (India Standard Time)
dea73fbf-20af-475b-8c69-71c7b23e9499,beecbdcf-fce7-44f6-89dd-5639fb1ee63e,7c5f606a-0552-4dc3-9c70-d9200935359b,Sat Jul 18 2026 00:00:00 GMT+0530 (India Standard Time),Present,Period 4,Sat Jul 18 2026 09:40:05 GMT+0530 (India Standard Time)
3bfaa48d-2b31-4a2d-9dd0-93ecc2e2703a,beecbdcf-fce7-44f6-89dd-5639fb1ee63e,27cf3c3c-85f2-43a2-bcc9-7f6fdb10c7fe,Sat Jul 18 2026 00:00:00 GMT+0530 (India Standard Time),Present,Period 5,Sat Jul 18 2026 09:40:06 GMT+0530 (India Standard Time)
52928705-2c4e-413f-bbcb-a348f1ee134f,beecbdcf-fce7-44f6-89dd-5639fb1ee63e,6c00d92e-ab39-4977-bb52-a976e21ff6b9,Sat Jul 18 2026 00:00:00 GMT+0530 (India Standard Time),Absent,Period 2,Sat Jul 18 2026 09:40:09 GMT+0530 (India Standard Time)
71a0e62d-b707-45ad-a6e1-e3f2d23adc59,beecbdcf-fce7-44f6-89dd-5639fb1ee63e,6b29430e-db63-486a-a662-342e68f1d15e,Sat Jul 18 2026 00:00:00 GMT+0530 (India Standard Time),Present,Period 6,Sat Jul 18 2026 09:40:12 GMT+0530 (India Standard Time)
956333fb-8cfa-447b-ad87-578f6ab99b7d,beecbdcf-fce7-44f6-89dd-5639fb1ee63e,414407ce-d2c2-4de5-be18-21c2f47cd814,Sat Jul 18 2026 00:00:00 GMT+0530 (India Standard Time),Present,Period 7,Sat Jul 18 2026 09:40:14 GMT+0530 (India Standard Time)
a4517262-6ac4-43bd-b20b-ff880f154def,c5e46aab-8c7f-450c-b381-90a98f7b00ef,900153b8-a8c8-4f82-a440-122afac550e7,Fri Jul 17 2026 00:00:00 GMT+0530 (India Standard Time),Present,Period 1,Sat Jul 18 2026 15:04:58 GMT+0530 (India Standard Time)
e1a2d94a-0593-48f5-9e88-bf154d594fb6,beecbdcf-fce7-44f6-89dd-5639fb1ee63e,dc218014-4942-4bbc-8326-db68dc458c0c,Tue Jul 14 2026 00:00:00 GMT+0530 (India Standard Time),Absent,Period 1,Mon Jul 20 2026 02:42:06 GMT+0530 (India Standard Time)
15314229-458b-484c-ae26-d66480a090a5,beecbdcf-fce7-44f6-89dd-5639fb1ee63e,dc218014-4942-4bbc-8326-db68dc458c0c,Tue Jul 14 2026 00:00:00 GMT+0530 (India Standard Time),Absent,Period 2,Mon Jul 20 2026 02:42:14 GMT+0530 (India Standard Time)
343ed399-9316-43e0-8895-1a06283ee820,c5e46aab-8c7f-450c-b381-90a98f7b00ef,900153b8-a8c8-4f82-a440-122afac550e7,Sat Jul 18 2026 00:00:00 GMT+0530 (India Standard Time),Present,Period 1,Sat Jul 18 2026 09:35:28 GMT+0530 (India Standard Time)
5aae15d1-8262-4fe8-84ad-73c35b576dea,65063158-a019-4bc7-adfe-7662cab0a6db,bcde4cbb-9ef8-42fc-b2c3-d61618f12deb,Sat Jul 18 2026 00:00:00 GMT+0530 (India Standard Time),Present,Period 1,Sat Jul 18 2026 16:42:29 GMT+0530 (India Standard Time)
a0cd006d-3683-4219-a594-b28288fe6f3d,beecbdcf-fce7-44f6-89dd-5639fb1ee63e,6b790bdc-2d2f-429d-a297-211aaa3030a6,Mon Jul 20 2026 00:00:00 GMT+0530 (India Standard Time),Present,Period 1,Mon Jul 20 2026 02:42:32 GMT+0530 (India Standard Time)
5a1c85e9-26ac-4d64-b983-d654772eced2,beecbdcf-fce7-44f6-89dd-5639fb1ee63e,6b790bdc-2d2f-429d-a297-211aaa3030a6,Mon Jul 20 2026 00:00:00 GMT+0530 (India Standard Time),Present,Period 2,Mon Jul 20 2026 02:42:33 GMT+0530 (India Standard Time)
f6cc2e44-0421-4339-a30b-46665efd14d4,c5e46aab-8c7f-450c-b381-90a98f7b00ef,fefd21c9-81c2-4538-8249-c7695b552ce3,Mon Jul 20 2026 00:00:00 GMT+0530 (India Standard Time),Present,Period 4,Mon Jul 20 2026 03:13:34 GMT+0530 (India Standard Time)
e83c5518-8369-4c73-af59-9b55d135a48f,c5e46aab-8c7f-450c-b381-90a98f7b00ef,9b321998-20e3-4d86-bc7d-de395a711a90,Mon Jul 20 2026 00:00:00 GMT+0530 (India Standard Time),Present,Period 5,Mon Jul 20 2026 03:13:35 GMT+0530 (India Standard Time)
2d0a8871-394d-4b13-9611-684557d1e5be,c5e46aab-8c7f-450c-b381-90a98f7b00ef,9b321998-20e3-4d86-bc7d-de395a711a90,Mon Jul 20 2026 00:00:00 GMT+0530 (India Standard Time),Present,Period 6,Mon Jul 20 2026 03:13:37 GMT+0530 (India Standard Time)
818529ee-bc6c-4d29-9f04-c303f3708a6b,c5e46aab-8c7f-450c-b381-90a98f7b00ef,6310ac59-00a6-44db-9498-4eabf33209d6,Mon Jul 20 2026 00:00:00 GMT+0530 (India Standard Time),Present,Period 7,Mon Jul 20 2026 03:13:42 GMT+0530 (India Standard Time)
cf6f169e-ec2e-4798-a45c-41e291c6ce6d,c5e46aab-8c7f-450c-b381-90a98f7b00ef,e70d2bdc-a87f-45fd-8087-a29eaf17bb2e,Tue Jul 21 2026 00:00:00 GMT+0530 (India Standard Time),Present,Period 5,Mon Jul 20 2026 09:21:40 GMT+0530 (India Standard Time)
9e7272e4-2228-405c-9297-f3b53fb02637,c5e46aab-8c7f-450c-b381-90a98f7b00ef,a2f6016d-ce68-41a4-a1ea-bd688622b2a9,Tue Jul 21 2026 00:00:00 GMT+0530 (India Standard Time),Present,Period 4,Mon Jul 20 2026 09:21:40 GMT+0530 (India Standard Time)
b0189919-7df9-49ac-81e2-99452b340419,c5e46aab-8c7f-450c-b381-90a98f7b00ef,e70d2bdc-a87f-45fd-8087-a29eaf17bb2e,Tue Jul 21 2026 00:00:00 GMT+0530 (India Standard Time),Present,Period 7,Mon Jul 20 2026 09:21:40 GMT+0530 (India Standard Time)
a6fed176-2443-424c-9d7f-8ee9d88a0cf8,c5e46aab-8c7f-450c-b381-90a98f7b00ef,a2f6016d-ce68-41a4-a1ea-bd688622b2a9,Tue Jul 21 2026 00:00:00 GMT+0530 (India Standard Time),Present,Period 3,Mon Jul 20 2026 09:21:41 GMT+0530 (India Standard Time)
e4133d9e-501c-4437-a345-c89d3d2eb394,c5e46aab-8c7f-450c-b381-90a98f7b00ef,f7cfb66e-d824-4778-bc15-a0a07fd943c6,Tue Jul 21 2026 00:00:00 GMT+0530 (India Standard Time),Present,Period 1,Mon Jul 20 2026 09:21:41 GMT+0530 (India Standard Time)
2983f794-f185-41fc-8844-910ac4ab0cc2,c5e46aab-8c7f-450c-b381-90a98f7b00ef,f7cfb66e-d824-4778-bc15-a0a07fd943c6,Tue Jul 21 2026 00:00:00 GMT+0530 (India Standard Time),Present,Period 2,Mon Jul 20 2026 09:21:41 GMT+0530 (India Standard Time)
3bac152e-5fd8-4099-ad74-9fa449fa3a0e,c5e46aab-8c7f-450c-b381-90a98f7b00ef,1afd624f-393c-4ec9-8e05-c4a7351f81fd,Tue Jul 21 2026 00:00:00 GMT+0530 (India Standard Time),Present,Period 6,Mon Jul 20 2026 09:21:41 GMT+0530 (India Standard Time)
c2752db3-0ea3-4c84-886d-8151f50e8d67,65063158-a019-4bc7-adfe-7662cab0a6db,6d5ac654-8e34-4ff7-809a-32729e867493,Mon Jul 20 2026 00:00:00 GMT+0530 (India Standard Time),Present,Period 1,Mon Jul 20 2026 16:26:03 GMT+0530 (India Standard Time)
afd1dd07-453d-4c0a-afd9-35cd1b49b1bb,65063158-a019-4bc7-adfe-7662cab0a6db,6d5ac654-8e34-4ff7-809a-32729e867493,Mon Jul 20 2026 00:00:00 GMT+0530 (India Standard Time),Present,Period 2,Mon Jul 20 2026 16:26:03 GMT+0530 (India Standard Time)
40e313c7-5873-4c0b-aa96-f43e0344a90f,c5e46aab-8c7f-450c-b381-90a98f7b00ef,1afd624f-393c-4ec9-8e05-c4a7351f81fd,Wed Jul 22 2026 00:00:00 GMT+0530 (India Standard Time),Present,Period 1,Mon Jul 20 2026 09:48:58 GMT+0530 (India Standard Time)
f6e323c5-1354-4f6a-9e51-b6bd1bd92bd0,c5e46aab-8c7f-450c-b381-90a98f7b00ef,fefd21c9-81c2-4538-8249-c7695b552ce3,Mon Jul 20 2026 00:00:00 GMT+0530 (India Standard Time),Present,Period 3,Mon Jul 20 2026 10:38:13 GMT+0530 (India Standard Time)
22386d01-410e-4a51-844b-c78a1f93ee42,65063158-a019-4bc7-adfe-7662cab0a6db,76ba92a9-47c4-474d-a982-cd906b9fd598,Mon Jul 20 2026 00:00:00 GMT+0530 (India Standard Time),Present,Period 7,Mon Jul 20 2026 16:26:04 GMT+0530 (India Standard Time)
e7a63b62-85d9-472b-b52c-e0a8366be9bd,65063158-a019-4bc7-adfe-7662cab0a6db,8c970883-19de-465a-b1d0-a50311dc659b,Mon Jul 20 2026 00:00:00 GMT+0530 (India Standard Time),Present,Period 3,Mon Jul 20 2026 16:26:04 GMT+0530 (India Standard Time)
bbcf41dd-058c-4134-bbf6-cfef9fce6079,c5e46aab-8c7f-450c-b381-90a98f7b00ef,9f03fd3d-d2a2-4361-b63f-1ba34d29bbe5,Mon Jul 20 2026 00:00:00 GMT+0530 (India Standard Time),Present,Period 2,Mon Jul 20 2026 03:13:32 GMT+0530 (India Standard Time)
581a84e2-aa61-4e0d-94be-a39e4def1cd4,c5e46aab-8c7f-450c-b381-90a98f7b00ef,9f03fd3d-d2a2-4361-b63f-1ba34d29bbe5,Mon Jul 20 2026 00:00:00 GMT+0530 (India Standard Time),Present,Period 1,Mon Jul 20 2026 09:22:48 GMT+0530 (India Standard Time)
16453d70-ea20-4485-ab77-de294ecf1887,7fbc691b-e49b-4dfd-a242-8189df61ba40,ca08ab7a-d637-4320-8998-b1e9750b9fcf,Mon Jul 20 2026 00:00:00 GMT+0530 (India Standard Time),Absent,Period 2,Mon Jul 20 2026 16:25:20 GMT+0530 (India Standard Time)
93c22ab9-94e3-4def-b391-04e5290f52ad,7fbc691b-e49b-4dfd-a242-8189df61ba40,ca08ab7a-d637-4320-8998-b1e9750b9fcf,Mon Jul 20 2026 00:00:00 GMT+0530 (India Standard Time),Absent,Period 1,Mon Jul 20 2026 16:25:20 GMT+0530 (India Standard Time)
333439cb-6291-41e9-b4c7-06bb94390308,7fbc691b-e49b-4dfd-a242-8189df61ba40,20ac5b29-1818-40dd-956a-3883e7458a64,Mon Jul 20 2026 00:00:00 GMT+0530 (India Standard Time),Absent,Period 7,Mon Jul 20 2026 16:25:20 GMT+0530 (India Standard Time)
8391a2e8-8a43-4d02-bc71-c64605e56838,7fbc691b-e49b-4dfd-a242-8189df61ba40,aeb4b924-9203-40e2-bcb1-c7ef0781db08,Mon Jul 20 2026 00:00:00 GMT+0530 (India Standard Time),Absent,Period 5,Mon Jul 20 2026 16:25:20 GMT+0530 (India Standard Time)
73c5ac31-4ed7-4a9c-9338-94ee9047a319,7fbc691b-e49b-4dfd-a242-8189df61ba40,1d5be251-a00b-455a-ba2f-715f7e2148ed,Mon Jul 20 2026 00:00:00 GMT+0530 (India Standard Time),Absent,Period 3,Mon Jul 20 2026 16:25:20 GMT+0530 (India Standard Time)
1a4fe342-cbbd-4455-ae4d-d77513ce818b,7fbc691b-e49b-4dfd-a242-8189df61ba40,1d5be251-a00b-455a-ba2f-715f7e2148ed,Mon Jul 20 2026 00:00:00 GMT+0530 (India Standard Time),Absent,Period 4,Mon Jul 20 2026 16:25:20 GMT+0530 (India Standard Time)
cb275f09-a1fe-4a47-b0cf-aaef783e7440,7fbc691b-e49b-4dfd-a242-8189df61ba40,aeb4b924-9203-40e2-bcb1-c7ef0781db08,Mon Jul 20 2026 00:00:00 GMT+0530 (India Standard Time),Absent,Period 6,Mon Jul 20 2026 16:25:21 GMT+0530 (India Standard Time)
806e07ed-405c-4e4e-ae58-bfee604d0c2b,65063158-a019-4bc7-adfe-7662cab0a6db,8c970883-19de-465a-b1d0-a50311dc659b,Mon Jul 20 2026 00:00:00 GMT+0530 (India Standard Time),Present,Period 4,Mon Jul 20 2026 16:26:04 GMT+0530 (India Standard Time)
9b4a0678-6ec4-47b9-a030-e20eea6805ba,65063158-a019-4bc7-adfe-7662cab0a6db,3b1c7e35-491b-4ff2-b106-72df37560ed4,Mon Jul 20 2026 00:00:00 GMT+0530 (India Standard Time),Present,Period 6,Mon Jul 20 2026 16:26:04 GMT+0530 (India Standard Time)
6265074c-4ac4-4579-9d05-0d3eb020dca1,65063158-a019-4bc7-adfe-7662cab0a6db,3b1c7e35-491b-4ff2-b106-72df37560ed4,Mon Jul 20 2026 00:00:00 GMT+0530 (India Standard Time),Present,Period 5,Mon Jul 20 2026 16:26:04 GMT+0530 (India Standard Time)
a5bed8e0-d1ec-46a6-9819-4a5a849bac60,beecbdcf-fce7-44f6-89dd-5639fb1ee63e,30d3d8dc-27ec-4b58-89e6-3fc99e619af6,Mon Jul 20 2026 00:00:00 GMT+0530 (India Standard Time),Present,Period 3,Mon Jul 20 2026 16:55:05 GMT+0530 (India Standard Time)
78ac2cc8-4417-4eed-aabe-8bb11435950c,beecbdcf-fce7-44f6-89dd-5639fb1ee63e,30d3d8dc-27ec-4b58-89e6-3fc99e619af6,Mon Jul 20 2026 00:00:00 GMT+0530 (India Standard Time),Present,Period 4,Mon Jul 20 2026 16:55:06 GMT+0530 (India Standard Time)
9d57d00c-6fd6-46de-92fe-eeb0edf2ec23,beecbdcf-fce7-44f6-89dd-5639fb1ee63e,994bee8c-b2fe-4ba8-8f47-97cad914a8ea,Mon Jul 20 2026 00:00:00 GMT+0530 (India Standard Time),Present,Period 5,Mon Jul 20 2026 16:55:07 GMT+0530 (India Standard Time)
aa2fa5ab-c7c6-4fd0-9639-93958ea2c76f,beecbdcf-fce7-44f6-89dd-5639fb1ee63e,994bee8c-b2fe-4ba8-8f47-97cad914a8ea,Mon Jul 20 2026 00:00:00 GMT+0530 (India Standard Time),Present,Period 6,Mon Jul 20 2026 16:55:09 GMT+0530 (India Standard Time)
70ebd736-25c9-49f4-acb3-658e3401774d,beecbdcf-fce7-44f6-89dd-5639fb1ee63e,7c5f606a-0552-4dc3-9c70-d9200935359b,Mon Jul 20 2026 00:00:00 GMT+0530 (India Standard Time),Present,Period 7,Mon Jul 20 2026 16:55:12 GMT+0530 (India Standard Time)
f4ab2879-a42a-47f6-9d33-7ffd0514aa27,a46113b2-b8bb-4498-9d23-89c29d559d00,fe5f9e58-1088-45a9-bfdf-fc8039119934,Mon Jul 20 2026 00:00:00 GMT+0530 (India Standard Time),Present,Period 1,Mon Jul 20 2026 16:56:20 GMT+0530 (India Standard Time)
78bfdba5-9bfe-45dd-a037-5283f723be45,a46113b2-b8bb-4498-9d23-89c29d559d00,fe5f9e58-1088-45a9-bfdf-fc8039119934,Mon Jul 20 2026 00:00:00 GMT+0530 (India Standard Time),Present,Period 2,Mon Jul 20 2026 16:56:25 GMT+0530 (India Standard Time)
36339f61-a6ff-462b-99c9-31c5489a75e7,a46113b2-b8bb-4498-9d23-89c29d559d00,5b471020-4d34-4294-8441-c5d82df4daa2,Mon Jul 20 2026 00:00:00 GMT+0530 (India Standard Time),Present,Period 7,Mon Jul 20 2026 16:56:26 GMT+0530 (India Standard Time)
878b62c3-6b99-4a1e-a07a-c9d450869691,a46113b2-b8bb-4498-9d23-89c29d559d00,9ea89559-deec-42ca-97d8-3ad11e3a3922,Mon Jul 20 2026 00:00:00 GMT+0530 (India Standard Time),Present,Period 3,Mon Jul 20 2026 16:56:26 GMT+0530 (India Standard Time)
bd3bdd29-0c90-48df-9935-5b2b210d8548,a46113b2-b8bb-4498-9d23-89c29d559d00,9ea89559-deec-42ca-97d8-3ad11e3a3922,Mon Jul 20 2026 00:00:00 GMT+0530 (India Standard Time),Present,Period 4,Mon Jul 20 2026 16:56:26 GMT+0530 (India Standard Time)
10bf5ab9-9445-48e7-935e-402064428483,a46113b2-b8bb-4498-9d23-89c29d559d00,de84e7fc-0656-4ba0-83a0-7a2c52fa3007,Mon Jul 20 2026 00:00:00 GMT+0530 (India Standard Time),Present,Period 5,Mon Jul 20 2026 16:56:26 GMT+0530 (India Standard Time)
6c59265e-0250-4efb-80b5-a1055e8c19bc,a46113b2-b8bb-4498-9d23-89c29d559d00,de84e7fc-0656-4ba0-83a0-7a2c52fa3007,Mon Jul 20 2026 00:00:00 GMT+0530 (India Standard Time),Present,Period 6,Mon Jul 20 2026 16:56:26 GMT+0530 (India Standard Time)
a79af2ef-6ed1-4963-b91d-7a43af30fb33,beecbdcf-fce7-44f6-89dd-5639fb1ee63e,dc218014-4942-4bbc-8326-db68dc458c0c,Tue Jul 21 2026 00:00:00 GMT+0530 (India Standard Time),Present,Period 1,Tue Jul 21 2026 02:48:51 GMT+0530 (India Standard Time)
5b76ebe6-7570-49c3-865e-2dd685836cc1,beecbdcf-fce7-44f6-89dd-5639fb1ee63e,dc218014-4942-4bbc-8326-db68dc458c0c,Tue Jul 21 2026 00:00:00 GMT+0530 (India Standard Time),Present,Period 2,Tue Jul 21 2026 02:48:54 GMT+0530 (India Standard Time)
7bc2f9d5-f14b-42a7-bb2b-8f4bde854a68,a46113b2-b8bb-4498-9d23-89c29d559d00,0aa37113-c1d1-439b-aa29-2ee8e16c4de4,Tue Jul 21 2026 00:00:00 GMT+0530 (India Standard Time),Present,Period 1,Tue Jul 21 2026 07:16:18 GMT+0530 (India Standard Time)
c062f308-8e4b-49b4-a637-69582654087b,a46113b2-b8bb-4498-9d23-89c29d559d00,0aa37113-c1d1-439b-aa29-2ee8e16c4de4,Tue Jul 21 2026 00:00:00 GMT+0530 (India Standard Time),Present,Period 2,Tue Jul 21 2026 07:16:21 GMT+0530 (India Standard Time)
ab2fc874-8d04-4cb4-ba59-a3b0cff978d7,a46113b2-b8bb-4498-9d23-89c29d559d00,c606ee72-6070-4686-96e4-3683a68a5df8,Tue Jul 21 2026 00:00:00 GMT+0530 (India Standard Time),Present,Period 3,Tue Jul 21 2026 07:16:22 GMT+0530 (India Standard Time)
f08001b5-fa43-4250-8a43-29ddd331a369,a46113b2-b8bb-4498-9d23-89c29d559d00,c606ee72-6070-4686-96e4-3683a68a5df8,Tue Jul 21 2026 00:00:00 GMT+0530 (India Standard Time),Present,Period 4,Tue Jul 21 2026 07:16:22 GMT+0530 (India Standard Time)
cd52390e-fcc4-464d-a99d-62c955823b89,beecbdcf-fce7-44f6-89dd-5639fb1ee63e,50f94abe-b865-4c83-8daa-fdb0252baa94,Tue Jul 21 2026 00:00:00 GMT+0530 (India Standard Time),Present,Period 4,Tue Jul 21 2026 09:31:03 GMT+0530 (India Standard Time)
87e6bbc9-493b-4aa9-80f0-95eded9c16c8,beecbdcf-fce7-44f6-89dd-5639fb1ee63e,50f94abe-b865-4c83-8daa-fdb0252baa94,Tue Jul 21 2026 00:00:00 GMT+0530 (India Standard Time),Present,Period 3,Tue Jul 21 2026 09:31:07 GMT+0530 (India Standard Time)
b6e1ea6c-3fbd-4909-b28c-a58877311c7c,beecbdcf-fce7-44f6-89dd-5639fb1ee63e,27cf3c3c-85f2-43a2-bcc9-7f6fdb10c7fe,Tue Jul 21 2026 00:00:00 GMT+0530 (India Standard Time),Present,Period 5,Tue Jul 21 2026 09:31:08 GMT+0530 (India Standard Time)
b2dc732c-6be9-4b42-a28d-178068b2133a,beecbdcf-fce7-44f6-89dd-5639fb1ee63e,279d6256-1501-4c06-a558-b747144cf008,Tue Jul 21 2026 00:00:00 GMT+0530 (India Standard Time),Present,Period 6,Tue Jul 21 2026 09:31:09 GMT+0530 (India Standard Time)
488a1e90-5088-4227-aade-0585887ff04a,beecbdcf-fce7-44f6-89dd-5639fb1ee63e,27cf3c3c-85f2-43a2-bcc9-7f6fdb10c7fe,Tue Jul 21 2026 00:00:00 GMT+0530 (India Standard Time),Present,Period 7,Tue Jul 21 2026 09:31:10 GMT+0530 (India Standard Time)
0efa5607-f9d3-41f1-a6fd-d5758ededa79,a46113b2-b8bb-4498-9d23-89c29d559d00,b0b6e8eb-ea89-4a83-9aca-ec9469cc64a9,Tue Jul 21 2026 00:00:00 GMT+0530 (India Standard Time),Present,Period 6,Tue Jul 21 2026 10:16:17 GMT+0530 (India Standard Time)
8861b844-96c9-41ea-84e3-d3f4179ec0a4,a46113b2-b8bb-4498-9d23-89c29d559d00,7f4a7e05-db7d-4929-9568-dd56e4bf7375,Tue Jul 21 2026 00:00:00 GMT+0530 (India Standard Time),Present,Period 5,Tue Jul 21 2026 10:16:17 GMT+0530 (India Standard Time)
750c62ff-f8b4-44d5-971b-f2a3e820f827,a46113b2-b8bb-4498-9d23-89c29d559d00,7f4a7e05-db7d-4929-9568-dd56e4bf7375,Tue Jul 21 2026 00:00:00 GMT+0530 (India Standard Time),Present,Period 7,Tue Jul 21 2026 10:16:18 GMT+0530 (India Standard Time)
ecbd16e8-1054-4dce-99ff-a1de9b01f195,65063158-a019-4bc7-adfe-7662cab0a6db,3b1c7e35-491b-4ff2-b106-72df37560ed4,Mon Jul 13 2026 00:00:00 GMT+0530 (India Standard Time),Present,Period 6,Tue Jul 21 2026 14:55:41 GMT+0530 (India Standard Time)
9b06c1fe-ec33-4134-80cd-542b8b397427,65063158-a019-4bc7-adfe-7662cab0a6db,6d5ac654-8e34-4ff7-809a-32729e867493,Mon Jul 13 2026 00:00:00 GMT+0530 (India Standard Time),Present,Period 2,Tue Jul 21 2026 14:55:42 GMT+0530 (India Standard Time)
16a8b493-c9dd-4d7c-b938-c58db4b56947,65063158-a019-4bc7-adfe-7662cab0a6db,6d5ac654-8e34-4ff7-809a-32729e867493,Mon Jul 13 2026 00:00:00 GMT+0530 (India Standard Time),Present,Period 1,Tue Jul 21 2026 14:55:43 GMT+0530 (India Standard Time)
f1ccf0b1-f2f0-485b-9281-e4c7d93a6e0b,65063158-a019-4bc7-adfe-7662cab0a6db,3b1c7e35-491b-4ff2-b106-72df37560ed4,Mon Jul 13 2026 00:00:00 GMT+0530 (India Standard Time),Present,Period 5,Tue Jul 21 2026 14:55:43 GMT+0530 (India Standard Time)
0e8afe16-d220-4e52-b86b-bf555d30292d,65063158-a019-4bc7-adfe-7662cab0a6db,8c970883-19de-465a-b1d0-a50311dc659b,Mon Jul 13 2026 00:00:00 GMT+0530 (India Standard Time),Present,Period 4,Tue Jul 21 2026 14:55:43 GMT+0530 (India Standard Time)
a7be21eb-2f67-4c0f-8360-750d88863532,65063158-a019-4bc7-adfe-7662cab0a6db,8c970883-19de-465a-b1d0-a50311dc659b,Mon Jul 13 2026 00:00:00 GMT+0530 (India Standard Time),Present,Period 3,Tue Jul 21 2026 14:55:43 GMT+0530 (India Standard Time)
a7827ca3-97fa-4cf0-b7a8-0fee643941e5,65063158-a019-4bc7-adfe-7662cab0a6db,76ba92a9-47c4-474d-a982-cd906b9fd598,Mon Jul 13 2026 00:00:00 GMT+0530 (India Standard Time),Present,Period 7,Tue Jul 21 2026 14:55:43 GMT+0530 (India Standard Time)
71cb481b-17ae-4233-b8e1-b7d21e2432d9,65063158-a019-4bc7-adfe-7662cab0a6db,48bbc30f-07fd-4bee-b538-d1954de59ed2,Tue Jul 14 2026 00:00:00 GMT+0530 (India Standard Time),On Duty,Period 7,Tue Jul 21 2026 14:56:16 GMT+0530 (India Standard Time)
d6da9047-4570-4eef-a22b-e7dad5b90087,65063158-a019-4bc7-adfe-7662cab0a6db,a454db8d-477d-443f-b2c4-c009a85387d6,Tue Jul 14 2026 00:00:00 GMT+0530 (India Standard Time),On Duty,Period 4,Tue Jul 21 2026 14:56:17 GMT+0530 (India Standard Time)
d4d9286e-400e-4825-8ff1-db7a9aea2c88,65063158-a019-4bc7-adfe-7662cab0a6db,48bbc30f-07fd-4bee-b538-d1954de59ed2,Tue Jul 14 2026 00:00:00 GMT+0530 (India Standard Time),On Duty,Period 5,Tue Jul 21 2026 14:56:17 GMT+0530 (India Standard Time)
e8e4b95b-d79b-4ed4-ac7a-608a0f5e7b49,65063158-a019-4bc7-adfe-7662cab0a6db,a454db8d-477d-443f-b2c4-c009a85387d6,Tue Jul 14 2026 00:00:00 GMT+0530 (India Standard Time),On Duty,Period 3,Tue Jul 21 2026 14:56:17 GMT+0530 (India Standard Time)
1fbf97c0-f4a0-4e77-8a0e-edd56fffd952,65063158-a019-4bc7-adfe-7662cab0a6db,d6286414-d35d-47cb-b48c-01abdefd9558,Tue Jul 14 2026 00:00:00 GMT+0530 (India Standard Time),On Duty,Period 1,Tue Jul 21 2026 14:56:17 GMT+0530 (India Standard Time)
16923652-e321-40e9-8d29-7eb53fbdfc07,65063158-a019-4bc7-adfe-7662cab0a6db,cf94beca-e45b-4a80-ad39-0287cca3fdac,Tue Jul 14 2026 00:00:00 GMT+0530 (India Standard Time),On Duty,Period 6,Tue Jul 21 2026 14:56:17 GMT+0530 (India Standard Time)
692a8d90-1513-421b-b6d3-6ccc9d18aef5,65063158-a019-4bc7-adfe-7662cab0a6db,d6286414-d35d-47cb-b48c-01abdefd9558,Tue Jul 14 2026 00:00:00 GMT+0530 (India Standard Time),On Duty,Period 2,Tue Jul 21 2026 14:56:17 GMT+0530 (India Standard Time)
d6532fa5-e4a7-41d5-9ab5-9cb109f2aecc,65063158-a019-4bc7-adfe-7662cab0a6db,cf94beca-e45b-4a80-ad39-0287cca3fdac,Wed Jul 15 2026 00:00:00 GMT+0530 (India Standard Time),Absent,Period 1,Tue Jul 21 2026 14:57:07 GMT+0530 (India Standard Time)
b5772e86-fa61-49b0-b843-eee675958293,65063158-a019-4bc7-adfe-7662cab0a6db,bcde4cbb-9ef8-42fc-b2c3-d61618f12deb,Wed Jul 15 2026 00:00:00 GMT+0530 (India Standard Time),Present,Period 2,Tue Jul 21 2026 14:57:44 GMT+0530 (India Standard Time)
45d693ae-1099-4a73-8ebc-cd020679fc79,65063158-a019-4bc7-adfe-7662cab0a6db,78c4f139-2728-434f-8329-74dd242111e3,Wed Jul 15 2026 00:00:00 GMT+0530 (India Standard Time),Present,Period 3,Tue Jul 21 2026 14:57:51 GMT+0530 (India Standard Time)
cd6816b8-a9e3-4cb5-96a3-eab3a762a306,65063158-a019-4bc7-adfe-7662cab0a6db,7ffa17de-3601-4a5d-b8eb-443f7f39db89,Wed Jul 15 2026 00:00:00 GMT+0530 (India Standard Time),Present,Period 6,Tue Jul 21 2026 14:57:59 GMT+0530 (India Standard Time)
33e8a295-0e19-4bb4-8d01-63c40b2c153d,65063158-a019-4bc7-adfe-7662cab0a6db,bcde4cbb-9ef8-42fc-b2c3-d61618f12deb,Thu Jul 16 2026 00:00:00 GMT+0530 (India Standard Time),On Duty,Period 3,Tue Jul 21 2026 14:58:23 GMT+0530 (India Standard Time)
7511cf76-443a-44da-8064-933d1bdca8df,65063158-a019-4bc7-adfe-7662cab0a6db,6d5ac654-8e34-4ff7-809a-32729e867493,Thu Jul 16 2026 00:00:00 GMT+0530 (India Standard Time),Present,Period 5,Tue Jul 21 2026 14:58:35 GMT+0530 (India Standard Time)
99fd6906-1054-4097-89e5-6768ef61c55e,65063158-a019-4bc7-adfe-7662cab0a6db,48bbc30f-07fd-4bee-b538-d1954de59ed2,Tue Jul 21 2026 00:00:00 GMT+0530 (India Standard Time),Present,Period 5,Tue Jul 21 2026 15:03:05 GMT+0530 (India Standard Time)
b5a01444-9bb0-47ce-9dfe-006527ea8571,65063158-a019-4bc7-adfe-7662cab0a6db,abd3218d-9107-42b9-aafd-9a8a52815bdf,Wed Jul 15 2026 00:00:00 GMT+0530 (India Standard Time),Present,Period 4,Tue Jul 21 2026 14:57:53 GMT+0530 (India Standard Time)
d312dd7b-1816-42a3-a81d-7fc2627c4b81,65063158-a019-4bc7-adfe-7662cab0a6db,6d5ac654-8e34-4ff7-809a-32729e867493,Thu Jul 16 2026 00:00:00 GMT+0530 (India Standard Time),Present,Period 6,Tue Jul 21 2026 14:58:37 GMT+0530 (India Standard Time)
769e9102-a7ae-4cbd-97ab-c18a60a5c7c7,65063158-a019-4bc7-adfe-7662cab0a6db,7ee8966b-6430-4010-b7ab-ccc7666311a6,Fri Jul 17 2026 00:00:00 GMT+0530 (India Standard Time),Present,Period 6,Tue Jul 21 2026 15:01:34 GMT+0530 (India Standard Time)
ef206c3b-a46b-4762-b256-56aa4a21b56f,65063158-a019-4bc7-adfe-7662cab0a6db,78c4f139-2728-434f-8329-74dd242111e3,Fri Jul 17 2026 00:00:00 GMT+0530 (India Standard Time),Present,Period 7,Tue Jul 21 2026 15:01:41 GMT+0530 (India Standard Time)
1b68cf23-3333-4c06-bd94-60cde91c6cf0,65063158-a019-4bc7-adfe-7662cab0a6db,6bdd6a36-b280-4036-95e4-110199761dbc,Sat Jul 18 2026 00:00:00 GMT+0530 (India Standard Time),Present,Period 2,Tue Jul 21 2026 15:02:01 GMT+0530 (India Standard Time)
fae16ad5-44da-4aa0-b360-9e09bd313518,65063158-a019-4bc7-adfe-7662cab0a6db,cf94beca-e45b-4a80-ad39-0287cca3fdac,Sat Jul 18 2026 00:00:00 GMT+0530 (India Standard Time),Present,Period 3,Tue Jul 21 2026 15:02:06 GMT+0530 (India Standard Time)
7ca4934d-f368-4aec-b6ac-ffd157688e03,65063158-a019-4bc7-adfe-7662cab0a6db,76ba92a9-47c4-474d-a982-cd906b9fd598,Sat Jul 18 2026 00:00:00 GMT+0530 (India Standard Time),Present,Period 4,Mon Jul 20 2026 16:26:43 GMT+0530 (India Standard Time)
70488a36-76ec-494b-8888-d12f465e33ae,65063158-a019-4bc7-adfe-7662cab0a6db,48bbc30f-07fd-4bee-b538-d1954de59ed2,Sat Jul 18 2026 00:00:00 GMT+0530 (India Standard Time),Present,Period 5,Tue Jul 21 2026 15:02:15 GMT+0530 (India Standard Time)
62873043-4c27-430a-a505-a2a1251fd83a,65063158-a019-4bc7-adfe-7662cab0a6db,7ffa17de-3601-4a5d-b8eb-443f7f39db89,Sat Jul 18 2026 00:00:00 GMT+0530 (India Standard Time),Present,Period 6,Tue Jul 21 2026 15:02:19 GMT+0530 (India Standard Time)
7af0806e-2536-4725-a3c6-03d7b9a787bf,65063158-a019-4bc7-adfe-7662cab0a6db,d6286414-d35d-47cb-b48c-01abdefd9558,Tue Jul 21 2026 00:00:00 GMT+0530 (India Standard Time),Present,Period 1,Tue Jul 21 2026 15:03:04 GMT+0530 (India Standard Time)
3723dbe0-88c6-4c79-b187-e2d3e046189c,65063158-a019-4bc7-adfe-7662cab0a6db,78c4f139-2728-434f-8329-74dd242111e3,Sat Jul 18 2026 00:00:00 GMT+0530 (India Standard Time),Present,Period 7,Tue Jul 21 2026 15:02:23 GMT+0530 (India Standard Time)
3d38fca1-1774-4f5f-8ba5-46992d0b5fc5,65063158-a019-4bc7-adfe-7662cab0a6db,3b1c7e35-491b-4ff2-b106-72df37560ed4,Wed Jul 15 2026 00:00:00 GMT+0530 (India Standard Time),Present,Period 5,Tue Jul 21 2026 14:57:57 GMT+0530 (India Standard Time)
47172531-13e4-40ef-a8f9-4fbd2a146214,65063158-a019-4bc7-adfe-7662cab0a6db,7ffa17de-3601-4a5d-b8eb-443f7f39db89,Wed Jul 15 2026 00:00:00 GMT+0530 (India Standard Time),Present,Period 7,Tue Jul 21 2026 14:58:00 GMT+0530 (India Standard Time)
23f8cdfe-131b-46b7-9bfe-a8e788a102b7,65063158-a019-4bc7-adfe-7662cab0a6db,78c4f139-2728-434f-8329-74dd242111e3,Thu Jul 16 2026 00:00:00 GMT+0530 (India Standard Time),Present,Period 1,Tue Jul 21 2026 14:58:18 GMT+0530 (India Standard Time)
feddf99b-9641-4021-9377-b4e243dbedef,65063158-a019-4bc7-adfe-7662cab0a6db,6bdd6a36-b280-4036-95e4-110199761dbc,Thu Jul 16 2026 00:00:00 GMT+0530 (India Standard Time),Present,Period 2,Tue Jul 21 2026 14:58:19 GMT+0530 (India Standard Time)
cbeb16b4-8c98-4c7c-9ccd-68283c6871fd,65063158-a019-4bc7-adfe-7662cab0a6db,76ba92a9-47c4-474d-a982-cd906b9fd598,Thu Jul 16 2026 00:00:00 GMT+0530 (India Standard Time),On Duty,Period 4,Tue Jul 21 2026 14:58:24 GMT+0530 (India Standard Time)
f6fa6e2b-8c47-4411-9091-c959d3ff964f,65063158-a019-4bc7-adfe-7662cab0a6db,76ba92a9-47c4-474d-a982-cd906b9fd598,Thu Jul 16 2026 00:00:00 GMT+0530 (India Standard Time),Present,Period 7,Tue Jul 21 2026 14:58:38 GMT+0530 (India Standard Time)
c058a55b-c37b-42d4-968d-02d8f8cf19af,65063158-a019-4bc7-adfe-7662cab0a6db,48bbc30f-07fd-4bee-b538-d1954de59ed2,Fri Jul 17 2026 00:00:00 GMT+0530 (India Standard Time),Present,Period 3,Tue Jul 21 2026 15:01:17 GMT+0530 (India Standard Time)
9500081c-7fe4-4910-a662-589dc441d329,65063158-a019-4bc7-adfe-7662cab0a6db,cf94beca-e45b-4a80-ad39-0287cca3fdac,Fri Jul 17 2026 00:00:00 GMT+0530 (India Standard Time),Present,Period 4,Tue Jul 21 2026 15:01:21 GMT+0530 (India Standard Time)
8338dbc6-df8c-46b2-8d52-ac9d5ce3b1af,65063158-a019-4bc7-adfe-7662cab0a6db,7ee8966b-6430-4010-b7ab-ccc7666311a6,Fri Jul 17 2026 00:00:00 GMT+0530 (India Standard Time),Present,Period 5,Tue Jul 21 2026 15:01:32 GMT+0530 (India Standard Time)
ad47a1bd-f146-44f2-a916-56f4298c7859,65063158-a019-4bc7-adfe-7662cab0a6db,48bbc30f-07fd-4bee-b538-d1954de59ed2,Tue Jul 21 2026 00:00:00 GMT+0530 (India Standard Time),Present,Period 7,Tue Jul 21 2026 15:03:04 GMT+0530 (India Standard Time)
70486586-d9e4-41a3-8975-f4239bf49205,65063158-a019-4bc7-adfe-7662cab0a6db,a454db8d-477d-443f-b2c4-c009a85387d6,Tue Jul 21 2026 00:00:00 GMT+0530 (India Standard Time),Present,Period 4,Tue Jul 21 2026 15:03:05 GMT+0530 (India Standard Time)
568f753f-91a0-4f12-99ec-19a3516a53e6,65063158-a019-4bc7-adfe-7662cab0a6db,a454db8d-477d-443f-b2c4-c009a85387d6,Tue Jul 21 2026 00:00:00 GMT+0530 (India Standard Time),Present,Period 3,Tue Jul 21 2026 15:03:05 GMT+0530 (India Standard Time)
09c5626e-22b1-4bdf-ad15-2833f74a2fa7,65063158-a019-4bc7-adfe-7662cab0a6db,d6286414-d35d-47cb-b48c-01abdefd9558,Tue Jul 21 2026 00:00:00 GMT+0530 (India Standard Time),Present,Period 2,Tue Jul 21 2026 15:03:05 GMT+0530 (India Standard Time)
feb315ff-4205-4f71-9110-8c4d024e1625,65063158-a019-4bc7-adfe-7662cab0a6db,cf94beca-e45b-4a80-ad39-0287cca3fdac,Tue Jul 21 2026 00:00:00 GMT+0530 (India Standard Time),Present,Period 6,Tue Jul 21 2026 15:03:06 GMT+0530 (India Standard Time)